trans_date_trans_time,cc_num,merchant,category,amt,first,last,gender,street,city,state,zip,lat,long,city_pop,job,dob,trans_num,unix_time,merch_lat,merch_long,is_fraud
2026-09-30 03:46:35,CUST-1005,BookMyShow,entertainment,150.0,Vikram,Malhotra,M,Connaught Place,Delhi,DL,110001,28.6139,77.209,12500000,Professional,1992-05-14,TX-KAG-0001,1790739995,28.6206,77.2219,0
2026-09-30 03:49:35,CUST-1004,Swiggy Delivery,food_dining,3800.0,Sneha,Reddy,F,Hitech City,Hyderabad,TS,500001,17.385,78.4867,12500000,Professional,1992-05-14,TX-KAG-0002,1790740175,17.3985,78.498,0
2026-09-30 03:55:35,CUST-1002,Zomato Online,food_dining,150.0,Priya,Verma,F,Indiranagar,Bengaluru,KA,560001,12.9716,77.5946,12500000,Professional,1992-05-14,TX-KAG-0003,1790740535,12.9618,77.5929,0
2026-09-30 04:01:35,CUST-1004,BookMyShow,entertainment,1250.0,Sneha,Reddy,F,Hitech City,Hyderabad,TS,500001,17.385,78.4867,12500000,Professional,1992-05-14,TX-KAG-0004,1790740895,17.3782,78.4773,0
2026-09-30 04:06:35,CUST-1002,Uber Trips,travel,150.0,Priya,Verma,F,Indiranagar,Bengaluru,KA,560001,12.9716,77.5946,12500000,Professional,1992-05-14,TX-KAG-0005,1790741195,12.9834,77.5828,0
2026-09-30 04:11:35,CUST-1008,BookMyShow,entertainment,3800.0,Pooja,Sen,F,Park Street,Kolkata,WB,700001,22.5726,88.3639,12500000,Professional,1992-05-14,TX-KAG-0006,1790741495,22.5737,88.3587,0
2026-09-30 04:13:35,CUST-1005,Apollo Pharmacy,health_fitness,2400.0,Vikram,Malhotra,M,Connaught Place,Delhi,DL,110001,28.6139,77.209,12500000,Professional,1992-05-14,TX-KAG-0007,1790741615,28.6201,77.2167,0
2026-09-30 04:15:35,CUST-1008,Swiggy Delivery,food_dining,150.0,Pooja,Sen,F,Park Street,Kolkata,WB,700001,22.5726,88.3639,12500000,Professional,1992-05-14,TX-KAG-0008,1790741735,22.5578,88.3665,0
2026-09-30 04:18:35,CUST-1003,Swiggy Delivery,food_dining,150.0,Amit,Patel,M,Navrangpura,Delhi,DL,110001,28.6139,77.209,12500000,Professional,1992-05-14,TX-KAG-0009,1790741915,28.6147,77.2233,0
2026-09-30 04:22:35,CUST-1004,Zomato Online,food_dining,1250.0,Sneha,Reddy,F,Hitech City,Hyderabad,TS,500001,17.385,78.4867,12500000,Professional,1992-05-14,TX-KAG-0010,1790742155,17.3806,78.4868,0
2026-09-30 04:28:35,CUST-1008,Swiggy Delivery,food_dining,2400.0,Pooja,Sen,F,Park Street,Kolkata,WB,700001,22.5726,88.3639,12500000,Professional,1992-05-14,TX-KAG-0011,1790742515,22.5788,88.3528,0
2026-09-30 04:30:35,CUST-1007,Uber Trips,travel,890.0,Rajesh,Nair,M,Marine Drive,Mumbai,MH,400001,19.076,72.8777,12500000,Professional,1992-05-14,TX-KAG-0012,1790742635,19.0844,72.8721,0
2026-09-30 04:32:35,CUST-1006,Tata Neu,shopping_net,1250.0,Ananya,Iyer,F,Mylapore,Chennai,TN,600001,13.0827,80.2707,12500000,Professional,1992-05-14,TX-KAG-0013,1790742755,13.0784,80.2739,0
2026-09-30 04:37:35,CUST-1006,Blinkit Grocery,grocery_pos,480.0,Ananya,Iyer,F,Mylapore,Chennai,TN,600001,13.0827,80.2707,12500000,Professional,1992-05-14,TX-KAG-0014,1790743055,13.0677,80.2677,0
2026-09-30 04:41:35,CUST-1003,Tata Neu,shopping_net,3800.0,Amit,Patel,M,Navrangpura,Delhi,DL,110001,28.6139,77.209,12500000,Professional,1992-05-14,TX-KAG-0015,1790743295,28.6132,77.2133,0
2026-09-30 04:44:35,CUST-1006,Indian Oil Petrol,gas_transport,2400.0,Ananya,Iyer,F,Mylapore,Chennai,TN,600001,13.0827,80.2707,12500000,Professional,1992-05-14,TX-KAG-0016,1790743475,13.0951,80.2633,0
2026-09-30 04:46:35,CUST-1001,Apollo Pharmacy,health_fitness,1250.0,Rohan,Sharma,M,Bandra West,Mumbai,MH,400001,19.076,72.8777,12500000,Professional,1992-05-14,TX-KAG-0017,1790743595,19.0855,72.8817,0
2026-09-30 04:52:35,CUST-1003,Swiggy Delivery,food_dining,6500.0,Amit,Patel,M,Navrangpura,Delhi,DL,110001,28.6139,77.209,12500000,Professional,1992-05-14,TX-KAG-0018,1790743955,28.6032,77.2096,0
2026-09-30 04:57:35,CUST-1001,Apollo Pharmacy,health_fitness,2400.0,Rohan,Sharma,M,Bandra West,Mumbai,MH,400001,19.076,72.8777,12500000,Professional,1992-05-14,TX-KAG-0019,1790744255,19.0671,72.8745,0
2026-09-30 04:59:35,CUST-1007,Tata Neu,shopping_net,150.0,Rajesh,Nair,M,Marine Drive,Mumbai,MH,400001,19.076,72.8777,12500000,Professional,1992-05-14,TX-KAG-0020,1790744375,19.0814,72.8665,0
2026-09-30 04:59:43,CUST-1001,QuickPay Burst Target,misc_net,3500.0,Rohan,Sharma,M,Bandra West,Mumbai,MH,400001,19.076,72.8777,12500000,Professional,1992-05-14,TX-KAG-0021,1790744383,19.0718,72.8667,1
2026-09-30 04:59:51,CUST-1001,QuickPay Burst Target,misc_net,3500.0,Rohan,Sharma,M,Bandra West,Mumbai,MH,400001,19.076,72.8777,12500000,Professional,1992-05-14,TX-KAG-0022,1790744391,19.0865,72.8784,1
2026-09-30 04:59:59,CUST-1001,QuickPay Burst Target,misc_net,3500.0,Rohan,Sharma,M,Bandra West,Mumbai,MH,400001,19.076,72.8777,12500000,Professional,1992-05-14,TX-KAG-0023,1790744399,19.0848,72.8857,1
2026-09-30 05:05:59,CUST-1001,Uber Trips,travel,6500.0,Rohan,Sharma,M,Bandra West,Mumbai,MH,400001,19.076,72.8777,12500000,Professional,1992-05-14,TX-KAG-0024,1790744759,19.0719,72.8742,0
2026-09-30 05:09:59,CUST-1006,Indian Oil Petrol,gas_transport,320.0,Ananya,Iyer,F,Mylapore,Chennai,TN,600001,13.0827,80.2707,12500000,Professional,1992-05-14,TX-KAG-0025,1790744999,13.0699,80.2652,0
2026-09-30 05:12:59,CUST-1008,Uber Trips,travel,890.0,Pooja,Sen,F,Park Street,Kolkata,WB,700001,22.5726,88.3639,12500000,Professional,1992-05-14,TX-KAG-0026,1790745179,22.5615,88.3639,0
2026-09-30 05:15:59,CUST-1002,Tata Neu,shopping_net,150.0,Priya,Verma,F,Indiranagar,Bengaluru,KA,560001,12.9716,77.5946,12500000,Professional,1992-05-14,TX-KAG-0027,1790745359,12.9746,77.5879,0
2026-09-30 05:20:59,CUST-1002,Uber Trips,travel,6500.0,Priya,Verma,F,Indiranagar,Bengaluru,KA,560001,12.9716,77.5946,12500000,Professional,1992-05-14,TX-KAG-0028,1790745659,12.969,77.5836,0
2026-09-30 05:23:59,CUST-1008,Tata Neu,shopping_net,890.0,Pooja,Sen,F,Park Street,Kolkata,WB,700001,22.5726,88.3639,12500000,Professional,1992-05-14,TX-KAG-0029,1790745839,22.5694,88.3576,0
2026-09-30 05:25:59,CUST-1006,Indian Oil Petrol,gas_transport,1250.0,Ananya,Iyer,F,Mylapore,Chennai,TN,600001,13.0827,80.2707,12500000,Professional,1992-05-14,TX-KAG-0030,1790745959,13.0762,80.2694,0
2026-09-30 05:30:59,CUST-1008,Amazon Retail,shopping_net,2400.0,Pooja,Sen,F,Park Street,Kolkata,WB,700001,22.5726,88.3639,12500000,Professional,1992-05-14,TX-KAG-0031,1790746259,22.5779,88.3559,0
2026-09-30 05:32:59,CUST-1004,Tata Neu,shopping_net,150.0,Sneha,Reddy,F,Hitech City,Hyderabad,TS,500001,17.385,78.4867,12500000,Professional,1992-05-14,TX-KAG-0032,1790746379,17.391,78.4887,0
2026-09-30 05:36:59,CUST-1007,Uber Trips,travel,6500.0,Rajesh,Nair,M,Marine Drive,Mumbai,MH,400001,19.076,72.8777,12500000,Professional,1992-05-14,TX-KAG-0033,1790746619,19.0638,72.8644,0
2026-09-30 05:42:59,CUST-1006,Zomato Online,food_dining,2400.0,Ananya,Iyer,F,Mylapore,Chennai,TN,600001,13.0827,80.2707,12500000,Professional,1992-05-14,TX-KAG-0034,1790746979,13.0715,80.2572,0
2026-09-30 05:47:59,CUST-1007,Reliance Digital,shopping_pos,3800.0,Rajesh,Nair,M,Marine Drive,Mumbai,MH,400001,19.076,72.8777,12500000,Professional,1992-05-14,TX-KAG-0035,1790747279,19.0754,72.8743,0
2026-09-30 05:51:59,CUST-1004,Reliance Digital,shopping_pos,1250.0,Sneha,Reddy,F,Hitech City,Hyderabad,TS,500001,17.385,78.4867,12500000,Professional,1992-05-14,TX-KAG-0036,1790747519,17.3961,78.4885,0
2026-09-30 05:55:59,CUST-1007,Tata Neu,shopping_net,150.0,Rajesh,Nair,M,Marine Drive,Mumbai,MH,400001,19.076,72.8777,12500000,Professional,1992-05-14,TX-KAG-0037,1790747759,19.071,72.8691,0
2026-09-30 05:58:59,CUST-1001,Indian Oil Petrol,gas_transport,2400.0,Rohan,Sharma,M,Bandra West,Mumbai,MH,400001,19.076,72.8777,12500000,Professional,1992-05-14,TX-KAG-0038,1790747939,19.0778,72.8645,0
2026-09-30 06:04:59,CUST-1003,Swiggy Delivery,food_dining,890.0,Amit,Patel,M,Navrangpura,Delhi,DL,110001,28.6139,77.209,12500000,Professional,1992-05-14,TX-KAG-0039,1790748299,28.6174,77.2198,0
2026-09-30 06:09:59,CUST-1003,Zomato Online,food_dining,480.0,Amit,Patel,M,Navrangpura,Delhi,DL,110001,28.6139,77.209,12500000,Professional,1992-05-14,TX-KAG-0040,1790748599,28.6258,77.1987,0
2026-09-30 06:13:59,CUST-1006,Reliance Digital,shopping_pos,320.0,Ananya,Iyer,F,Mylapore,Chennai,TN,600001,13.0827,80.2707,12500000,Professional,1992-05-14,TX-KAG-0041,1790748839,13.0863,80.285,0
2026-09-30 06:18:59,CUST-1005,Reliance Digital,shopping_pos,1250.0,Vikram,Malhotra,M,Connaught Place,Delhi,DL,110001,28.6139,77.209,12500000,Professional,1992-05-14,TX-KAG-0042,1790749139,28.6046,77.2101,0
2026-09-30 06:24:59,CUST-1006,Uber Trips,travel,3800.0,Ananya,Iyer,F,Mylapore,Chennai,TN,600001,13.0827,80.2707,12500000,Professional,1992-05-14,TX-KAG-0043,1790749499,13.0938,80.2742,0
2026-09-30 06:30:59,CUST-1002,Reliance Digital,shopping_pos,320.0,Priya,Verma,F,Indiranagar,Bengaluru,KA,560001,12.9716,77.5946,12500000,Professional,1992-05-14,TX-KAG-0044,1790749859,12.9614,77.5807,0
2026-09-30 06:33:59,CUST-1006,Tata Neu,shopping_net,480.0,Ananya,Iyer,F,Mylapore,Chennai,TN,600001,13.0827,80.2707,12500000,Professional,1992-05-14,TX-KAG-0045,1790750039,13.0902,80.2707,0
2026-09-30 06:45:59,CUST-1002,Harrods Department Store,shopping_pos,18500.0,Priya,Verma,F,Indiranagar,London,UK,EC1A1BB,51.5074,-0.1278,12500000,Professional,1992-05-14,TX-KAG-0046,1790750759,51.5166,-0.1191,1
2026-09-30 06:51:59,CUST-1003,Apollo Pharmacy,health_fitness,2400.0,Amit,Patel,M,Navrangpura,Delhi,DL,110001,28.6139,77.209,12500000,Professional,1992-05-14,TX-KAG-0047,1790751119,28.6187,77.222,0
2026-09-30 06:55:59,CUST-1003,Indian Oil Petrol,gas_transport,6500.0,Amit,Patel,M,Navrangpura,Delhi,DL,110001,28.6139,77.209,12500000,Professional,1992-05-14,TX-KAG-0048,1790751359,28.6226,77.206,0
2026-09-30 07:00:59,CUST-1004,BookMyShow,entertainment,890.0,Sneha,Reddy,F,Hitech City,Hyderabad,TS,500001,17.385,78.4867,12500000,Professional,1992-05-14,TX-KAG-0049,1790751659,17.3767,78.4743,0
2026-09-30 07:02:59,CUST-1007,Blinkit Grocery,grocery_pos,890.0,Rajesh,Nair,M,Marine Drive,Mumbai,MH,400001,19.076,72.8777,12500000,Professional,1992-05-14,TX-KAG-0050,1790751779,19.0614,72.8725,0
2026-09-30 07:07:59,CUST-1005,BookMyShow,entertainment,320.0,Vikram,Malhotra,M,Connaught Place,Delhi,DL,110001,28.6139,77.209,12500000,Professional,1992-05-14,TX-KAG-0051,1790752079,28.6227,77.2073,0
2026-09-30 07:12:59,CUST-1001,Blinkit Grocery,grocery_pos,2400.0,Rohan,Sharma,M,Bandra West,Mumbai,MH,400001,19.076,72.8777,12500000,Professional,1992-05-14,TX-KAG-0052,1790752379,19.0645,72.8634,0
2026-09-30 07:16:59,CUST-1007,Swiggy Delivery,food_dining,6500.0,Rajesh,Nair,M,Marine Drive,Mumbai,MH,400001,19.076,72.8777,12500000,Professional,1992-05-14,TX-KAG-0053,1790752619,19.062,72.8738,0
2026-09-30 07:18:59,CUST-1005,Zomato Online,food_dining,480.0,Vikram,Malhotra,M,Connaught Place,Delhi,DL,110001,28.6139,77.209,12500000,Professional,1992-05-14,TX-KAG-0054,1790752739,28.6223,77.2174,0
2026-09-30 07:23:59,CUST-1004,Swiggy Delivery,food_dining,320.0,Sneha,Reddy,F,Hitech City,Hyderabad,TS,500001,17.385,78.4867,12500000,Professional,1992-05-14,TX-KAG-0055,1790753039,17.3927,78.4818,0
2026-09-30 07:26:59,CUST-1008,Blinkit Grocery,grocery_pos,320.0,Pooja,Sen,F,Park Street,Kolkata,WB,700001,22.5726,88.3639,12500000,Professional,1992-05-14,TX-KAG-0056,1790753219,22.5689,88.3577,0
2026-09-30 07:29:59,CUST-1002,Amazon Retail,shopping_net,480.0,Priya,Verma,F,Indiranagar,Bengaluru,KA,560001,12.9716,77.5946,12500000,Professional,1992-05-14,TX-KAG-0057,1790753399,12.9762,77.5931,0
2026-09-30 07:34:59,CUST-1001,Blinkit Grocery,grocery_pos,890.0,Rohan,Sharma,M,Bandra West,Mumbai,MH,400001,19.076,72.8777,12500000,Professional,1992-05-14,TX-KAG-0058,1790753699,19.0759,72.8673,0
2026-09-30 07:37:59,CUST-1003,Swiggy Delivery,food_dining,2400.0,Amit,Patel,M,Navrangpura,Delhi,DL,110001,28.6139,77.209,12500000,Professional,1992-05-14,TX-KAG-0059,1790753879,28.6188,77.2055,0
2026-09-30 07:39:59,CUST-1005,Blinkit Grocery,grocery_pos,2400.0,Vikram,Malhotra,M,Connaught Place,Delhi,DL,110001,28.6139,77.209,12500000,Professional,1992-05-14,TX-KAG-0060,1790753999,28.6181,77.1952,0
2026-09-30 07:41:59,CUST-1008,BookMyShow,entertainment,480.0,Pooja,Sen,F,Park Street,Kolkata,WB,700001,22.5726,88.3639,12500000,Professional,1992-05-14,TX-KAG-0061,1790754119,22.5714,88.364,0
2026-09-30 07:45:59,CUST-1001,Uber Trips,travel,3800.0,Rohan,Sharma,M,Bandra West,Mumbai,MH,400001,19.076,72.8777,12500000,Professional,1992-05-14,TX-KAG-0062,1790754359,19.0612,72.8709,0
2026-09-30 07:51:59,CUST-1007,Uber Trips,travel,3800.0,Rajesh,Nair,M,Marine Drive,Mumbai,MH,400001,19.076,72.8777,12500000,Professional,1992-05-14,TX-KAG-0063,1790754719,19.0611,72.8895,0
2026-09-30 07:56:59,CUST-1004,BookMyShow,entertainment,2400.0,Sneha,Reddy,F,Hitech City,Hyderabad,TS,500001,17.385,78.4867,12500000,Professional,1992-05-14,TX-KAG-0064,1790755019,17.3711,78.4748,0
2026-09-30 07:58:59,CUST-1002,Blinkit Grocery,grocery_pos,150.0,Priya,Verma,F,Indiranagar,Bengaluru,KA,560001,12.9716,77.5946,12500000,Professional,1992-05-14,TX-KAG-0065,1790755139,12.9603,77.5921,0
2026-09-30 08:02:59,CUST-1005,Blinkit Grocery,grocery_pos,150.0,Vikram,Malhotra,M,Connaught Place,Delhi,DL,110001,28.6139,77.209,12500000,Professional,1992-05-14,TX-KAG-0066,1790755379,28.6152,77.2211,0
2026-09-30 08:07:59,CUST-1003,Blinkit Grocery,grocery_pos,320.0,Amit,Patel,M,Navrangpura,Delhi,DL,110001,28.6139,77.209,12500000,Professional,1992-05-14,TX-KAG-0067,1790755679,28.6179,77.2005,0
2026-09-30 08:11:59,CUST-1008,Blinkit Grocery,grocery_pos,480.0,Pooja,Sen,F,Park Street,Kolkata,WB,700001,22.5726,88.3639,12500000,Professional,1992-05-14,TX-KAG-0068,1790755919,22.5668,88.3603,0
2026-09-30 08:14:59,CUST-1004,BookMyShow,entertainment,6500.0,Sneha,Reddy,F,Hitech City,Hyderabad,TS,500001,17.385,78.4867,12500000,Professional,1992-05-14,TX-KAG-0069,1790756099,17.3904,78.4916,0
2026-09-30 08:17:59,CUST-1008,Indian Oil Petrol,gas_transport,3800.0,Pooja,Sen,F,Park Street,Kolkata,WB,700001,22.5726,88.3639,12500000,Professional,1992-05-14,TX-KAG-0070,1790756279,22.5614,88.3765,0
2026-09-30 08:47:59,CUST-1004,Al-Safa Luxury Jewels,misc_pos,185000.0,Sneha,Reddy,F,Hitech City,Hyderabad,TS,500001,17.385,78.4867,12500000,Professional,1992-05-14,TX-KAG-0071,1790758079,17.3803,78.4868,1
2026-09-30 08:50:59,CUST-1007,Amazon Retail,shopping_net,3800.0,Rajesh,Nair,M,Marine Drive,Mumbai,MH,400001,19.076,72.8777,12500000,Professional,1992-05-14,TX-KAG-0072,1790758259,19.0852,72.8728,0
2026-09-30 08:56:59,CUST-1008,BookMyShow,entertainment,150.0,Pooja,Sen,F,Park Street,Kolkata,WB,700001,22.5726,88.3639,12500000,Professional,1992-05-14,TX-KAG-0073,1790758619,22.5718,88.3578,0
2026-09-30 09:00:59,CUST-1002,Swiggy Delivery,food_dining,150.0,Priya,Verma,F,Indiranagar,Bengaluru,KA,560001,12.9716,77.5946,12500000,Professional,1992-05-14,TX-KAG-0074,1790758859,12.9629,77.5849,0
2026-09-30 09:05:59,CUST-1006,Uber Trips,travel,2400.0,Ananya,Iyer,F,Mylapore,Chennai,TN,600001,13.0827,80.2707,12500000,Professional,1992-05-14,TX-KAG-0075,1790759159,13.0678,80.2675,0
2026-09-30 09:07:59,CUST-1003,Tata Neu,shopping_net,1250.0,Amit,Patel,M,Navrangpura,Delhi,DL,110001,28.6139,77.209,12500000,Professional,1992-05-14,TX-KAG-0076,1790759279,28.6223,77.2092,0
2026-09-30 09:13:59,CUST-1006,Swiggy Delivery,food_dining,320.0,Ananya,Iyer,F,Mylapore,Chennai,TN,600001,13.0827,80.2707,12500000,Professional,1992-05-14,TX-KAG-0077,1790759639,13.0892,80.256,0
2026-09-30 09:16:59,CUST-1005,Tata Neu,shopping_net,1250.0,Vikram,Malhotra,M,Connaught Place,Delhi,DL,110001,28.6139,77.209,12500000,Professional,1992-05-14,TX-KAG-0078,1790759819,28.6031,77.2213,0
2026-09-30 09:18:59,CUST-1005,Uber Trips,travel,1250.0,Vikram,Malhotra,M,Connaught Place,Delhi,DL,110001,28.6139,77.209,12500000,Professional,1992-05-14,TX-KAG-0079,1790759939,28.6254,77.2223,0
2026-09-30 09:21:59,CUST-1003,Tata Neu,shopping_net,6500.0,Amit,Patel,M,Navrangpura,Delhi,DL,110001,28.6139,77.209,12500000,Professional,1992-05-14,TX-KAG-0080,1790760119,28.618,77.2171,0
2026-09-30 09:24:59,CUST-1003,Reliance Digital,shopping_pos,480.0,Amit,Patel,M,Navrangpura,Delhi,DL,110001,28.6139,77.209,12500000,Professional,1992-05-14,TX-KAG-0081,1790760299,28.6235,77.2103,0
2026-09-30 09:27:59,CUST-1004,Amazon Retail,shopping_net,6500.0,Sneha,Reddy,F,Hitech City,Hyderabad,TS,500001,17.385,78.4867,12500000,Professional,1992-05-14,TX-KAG-0082,1790760479,17.3798,78.4924,0
2026-09-30 09:30:59,CUST-1004,Swiggy Delivery,food_dining,3800.0,Sneha,Reddy,F,Hitech City,Hyderabad,TS,500001,17.385,78.4867,12500000,Professional,1992-05-14,TX-KAG-0083,1790760659,17.3869,78.5007,0
2026-09-30 09:36:59,CUST-1007,Indian Oil Petrol,gas_transport,2400.0,Rajesh,Nair,M,Marine Drive,Mumbai,MH,400001,19.076,72.8777,12500000,Professional,1992-05-14,TX-KAG-0084,1790761019,19.0831,72.8635,0
2026-09-30 09:42:59,CUST-1006,Tata Neu,shopping_net,890.0,Ananya,Iyer,F,Mylapore,Chennai,TN,600001,13.0827,80.2707,12500000,Professional,1992-05-14,TX-KAG-0085,1790761379,13.0857,80.2822,0
2026-09-30 09:46:59,CUST-1004,Reliance Digital,shopping_pos,1250.0,Sneha,Reddy,F,Hitech City,Hyderabad,TS,500001,17.385,78.4867,12500000,Professional,1992-05-14,TX-KAG-0086,1790761619,17.3925,78.4793,0
2026-09-30 09:48:59,CUST-1007,BookMyShow,entertainment,6500.0,Rajesh,Nair,M,Marine Drive,Mumbai,MH,400001,19.076,72.8777,12500000,Professional,1992-05-14,TX-KAG-0087,1790761739,19.0827,72.873,0
2026-09-30 09:53:59,CUST-1002,BookMyShow,entertainment,2400.0,Priya,Verma,F,Indiranagar,Bengaluru,KA,560001,12.9716,77.5946,12500000,Professional,1992-05-14,TX-KAG-0088,1790762039,12.9674,77.5938,0
2026-09-30 09:56:59,CUST-1007,Indian Oil Petrol,gas_transport,320.0,Rajesh,Nair,M,Marine Drive,Mumbai,MH,400001,19.076,72.8777,12500000,Professional,1992-05-14,TX-KAG-0089,1790762219,19.0692,72.8821,0
2026-09-30 10:01:59,CUST-1003,Blinkit Grocery,grocery_pos,3800.0,Amit,Patel,M,Navrangpura,Delhi,DL,110001,28.6139,77.209,12500000,Professional,1992-05-14,TX-KAG-0090,1790762519,28.6229,77.2235,0
2026-09-30 10:05:59,CUST-1007,Swiggy Delivery,food_dining,1250.0,Rajesh,Nair,M,Marine Drive,Mumbai,MH,400001,19.076,72.8777,12500000,Professional,1992-05-14,TX-KAG-0091,1790762759,19.0834,72.863,0
2026-09-30 10:07:59,CUST-1007,Zomato Online,food_dining,2400.0,Rajesh,Nair,M,Marine Drive,Mumbai,MH,400001,19.076,72.8777,12500000,Professional,1992-05-14,TX-KAG-0092,1790762879,19.0621,72.8814,0
2026-09-30 10:11:59,CUST-1008,Uber Trips,travel,3800.0,Pooja,Sen,F,Park Street,Kolkata,WB,700001,22.5726,88.3639,12500000,Professional,1992-05-14,TX-KAG-0093,1790763119,22.5757,88.3556,0
2026-09-30 10:13:59,CUST-1002,Reliance Digital,shopping_pos,6500.0,Priya,Verma,F,Indiranagar,Bengaluru,KA,560001,12.9716,77.5946,12500000,Professional,1992-05-14,TX-KAG-0094,1790763239,12.986,77.5808,0
2026-09-30 10:16:59,CUST-1008,BookMyShow,entertainment,1250.0,Pooja,Sen,F,Park Street,Kolkata,WB,700001,22.5726,88.3639,12500000,Professional,1992-05-14,TX-KAG-0095,1790763419,22.583,88.3676,0
2026-09-30 10:31:59,CUST-1005,Rolex Dubai DutyFree,misc_pos,92000.0,Vikram,Malhotra,M,Connaught Place,Dubai,UAE,00000,25.2048,55.2708,12500000,Professional,1992-05-14,TX-KAG-0096,1790764319,25.2055,55.2666,1
2026-09-30 10:35:59,CUST-1003,Swiggy Delivery,food_dining,6500.0,Amit,Patel,M,Navrangpura,Delhi,DL,110001,28.6139,77.209,12500000,Professional,1992-05-14,TX-KAG-0097,1790764559,28.6185,77.2024,0
2026-09-30 10:41:59,CUST-1002,Zomato Online,food_dining,1250.0,Priya,Verma,F,Indiranagar,Bengaluru,KA,560001,12.9716,77.5946,12500000,Professional,1992-05-14,TX-KAG-0098,1790764919,12.9729,77.58,0
2026-09-30 10:44:59,CUST-1001,Tata Neu,shopping_net,480.0,Rohan,Sharma,M,Bandra West,Mumbai,MH,400001,19.076,72.8777,12500000,Professional,1992-05-14,TX-KAG-0099,1790765099,19.0625,72.8634,0
2026-09-30 10:47:59,CUST-1005,Reliance Digital,shopping_pos,3800.0,Vikram,Malhotra,M,Connaught Place,Delhi,DL,110001,28.6139,77.209,12500000,Professional,1992-05-14,TX-KAG-0100,1790765279,28.6241,77.2074,0
2026-09-30 10:50:59,CUST-1004,Amazon Retail,shopping_net,150.0,Sneha,Reddy,F,Hitech City,Hyderabad,TS,500001,17.385,78.4867,12500000,Professional,1992-05-14,TX-KAG-0101,1790765459,17.371,78.4774,0
2026-09-30 10:53:59,CUST-1006,Apollo Pharmacy,health_fitness,6500.0,Ananya,Iyer,F,Mylapore,Chennai,TN,600001,13.0827,80.2707,12500000,Professional,1992-05-14,TX-KAG-0102,1790765639,13.0856,80.2634,0
2026-09-30 10:55:59,CUST-1006,BookMyShow,entertainment,2400.0,Ananya,Iyer,F,Mylapore,Chennai,TN,600001,13.0827,80.2707,12500000,Professional,1992-05-14,TX-KAG-0103,1790765759,13.0696,80.2763,0
2026-09-30 11:00:59,CUST-1002,Blinkit Grocery,grocery_pos,6500.0,Priya,Verma,F,Indiranagar,Bengaluru,KA,560001,12.9716,77.5946,12500000,Professional,1992-05-14,TX-KAG-0104,1790766059,12.9746,77.5969,0
2026-09-30 11:04:59,CUST-1003,Apollo Pharmacy,health_fitness,1250.0,Amit,Patel,M,Navrangpura,Delhi,DL,110001,28.6139,77.209,12500000,Professional,1992-05-14,TX-KAG-0105,1790766299,28.6159,77.1969,0
2026-09-30 11:08:59,CUST-1001,Blinkit Grocery,grocery_pos,2400.0,Rohan,Sharma,M,Bandra West,Mumbai,MH,400001,19.076,72.8777,12500000,Professional,1992-05-14,TX-KAG-0106,1790766539,19.062,72.8818,0
2026-09-30 11:14:59,CUST-1006,Amazon Retail,shopping_net,2400.0,Ananya,Iyer,F,Mylapore,Chennai,TN,600001,13.0827,80.2707,12500000,Professional,1992-05-14,TX-KAG-0107,1790766899,13.0747,80.2851,0
2026-09-30 11:18:59,CUST-1005,BookMyShow,entertainment,2400.0,Vikram,Malhotra,M,Connaught Place,Delhi,DL,110001,28.6139,77.209,12500000,Professional,1992-05-14,TX-KAG-0108,1790767139,28.6092,77.2022,0
2026-09-30 11:22:59,CUST-1007,Tata Neu,shopping_net,890.0,Rajesh,Nair,M,Marine Drive,Mumbai,MH,400001,19.076,72.8777,12500000,Professional,1992-05-14,TX-KAG-0109,1790767379,19.0739,72.8896,0
2026-09-30 11:25:59,CUST-1001,Amazon Retail,shopping_net,480.0,Rohan,Sharma,M,Bandra West,Mumbai,MH,400001,19.076,72.8777,12500000,Professional,1992-05-14,TX-KAG-0110,1790767559,19.076,72.8727,0
2026-09-30 11:29:59,CUST-1007,Swiggy Delivery,food_dining,6500.0,Rajesh,Nair,M,Marine Drive,Mumbai,MH,400001,19.076,72.8777,12500000,Professional,1992-05-14,TX-KAG-0111,1790767799,19.0638,72.884,0
2026-09-30 11:33:59,CUST-1004,Indian Oil Petrol,gas_transport,2400.0,Sneha,Reddy,F,Hitech City,Hyderabad,TS,500001,17.385,78.4867,12500000,Professional,1992-05-14,TX-KAG-0112,1790768039,17.3707,78.4839,0
2026-09-30 11:36:59,CUST-1005,Reliance Digital,shopping_pos,320.0,Vikram,Malhotra,M,Connaught Place,Delhi,DL,110001,28.6139,77.209,12500000,Professional,1992-05-14,TX-KAG-0113,1790768219,28.606,77.2165,0
2026-09-30 11:41:59,CUST-1004,Reliance Digital,shopping_pos,890.0,Sneha,Reddy,F,Hitech City,Hyderabad,TS,500001,17.385,78.4867,12500000,Professional,1992-05-14,TX-KAG-0114,1790768519,17.3722,78.4741,0
2026-09-30 11:44:59,CUST-1004,Indian Oil Petrol,gas_transport,1250.0,Sneha,Reddy,F,Hitech City,Hyderabad,TS,500001,17.385,78.4867,12500000,Professional,1992-05-14,TX-KAG-0115,1790768699,17.3815,78.482,0
2026-09-30 11:48:59,CUST-1003,BookMyShow,entertainment,6500.0,Amit,Patel,M,Navrangpura,Delhi,DL,110001,28.6139,77.209,12500000,Professional,1992-05-14,TX-KAG-0116,1790768939,28.6198,77.2051,0
2026-09-30 11:52:59,CUST-1001,Zomato Online,food_dining,320.0,Rohan,Sharma,M,Bandra West,Mumbai,MH,400001,19.076,72.8777,12500000,Professional,1992-05-14,TX-KAG-0117,1790769179,19.0853,72.8691,0
2026-09-30 11:58:59,CUST-1001,Zomato Online,food_dining,890.0,Rohan,Sharma,M,Bandra West,Mumbai,MH,400001,19.076,72.8777,12500000,Professional,1992-05-14,TX-KAG-0118,1790769539,19.0794,72.8789,0
2026-09-30 12:02:59,CUST-1007,Swiggy Delivery,food_dining,2400.0,Rajesh,Nair,M,Marine Drive,Mumbai,MH,400001,19.076,72.8777,12500000,Professional,1992-05-14,TX-KAG-0119,1790769779,19.0888,72.8681,0
2026-09-30 12:06:59,CUST-1002,Indian Oil Petrol,gas_transport,6500.0,Priya,Verma,F,Indiranagar,Bengaluru,KA,560001,12.9716,77.5946,12500000,Professional,1992-05-14,TX-KAG-0120,1790770019,12.9781,77.6053,0
2026-09-30 12:08:59,CUST-1003,Swiggy Delivery,food_dining,3800.0,Amit,Patel,M,Navrangpura,Delhi,DL,110001,28.6139,77.209,12500000,Professional,1992-05-14,TX-KAG-0121,1790770139,28.6151,77.2017,0
2026-09-30 12:13:59,CUST-1006,Tata Neu,shopping_net,3800.0,Ananya,Iyer,F,Mylapore,Chennai,TN,600001,13.0827,80.2707,12500000,Professional,1992-05-14,TX-KAG-0122,1790770439,13.0823,80.2802,0
2026-09-30 12:18:59,CUST-1003,Apollo Pharmacy,health_fitness,3800.0,Amit,Patel,M,Navrangpura,Delhi,DL,110001,28.6139,77.209,12500000,Professional,1992-05-14,TX-KAG-0123,1790770739,28.6134,77.2089,0
2026-09-30 12:23:59,CUST-1008,Swiggy Delivery,food_dining,480.0,Pooja,Sen,F,Park Street,Kolkata,WB,700001,22.5726,88.3639,12500000,Professional,1992-05-14,TX-KAG-0124,1790771039,22.5626,88.3771,0
2026-09-30 12:25:59,CUST-1006,Amazon Retail,shopping_net,3800.0,Ananya,Iyer,F,Mylapore,Chennai,TN,600001,13.0827,80.2707,12500000,Professional,1992-05-14,TX-KAG-0125,1790771159,13.0683,80.2633,0
2026-09-30 12:27:59,CUST-1008,BookMyShow,entertainment,6500.0,Pooja,Sen,F,Park Street,Kolkata,WB,700001,22.5726,88.3639,12500000,Professional,1992-05-14,TX-KAG-0126,1790771279,22.5622,88.3641,0
2026-09-30 12:30:59,CUST-1002,Zomato Online,food_dining,320.0,Priya,Verma,F,Indiranagar,Bengaluru,KA,560001,12.9716,77.5946,12500000,Professional,1992-05-14,TX-KAG-0127,1790771459,12.9578,77.603,0
2026-09-30 12:35:59,CUST-1001,Apollo Pharmacy,health_fitness,480.0,Rohan,Sharma,M,Bandra West,Mumbai,MH,400001,19.076,72.8777,12500000,Professional,1992-05-14,TX-KAG-0128,1790771759,19.0829,72.8647,0
2026-09-30 12:38:59,CUST-1003,Apollo Pharmacy,health_fitness,890.0,Amit,Patel,M,Navrangpura,Delhi,DL,110001,28.6139,77.209,12500000,Professional,1992-05-14,TX-KAG-0129,1790771939,28.6246,77.2064,0
2026-09-30 12:41:59,CUST-1006,Blinkit Grocery,grocery_pos,6500.0,Ananya,Iyer,F,Mylapore,Chennai,TN,600001,13.0827,80.2707,12500000,Professional,1992-05-14,TX-KAG-0130,1790772119,13.0901,80.2698,0
2026-09-30 12:46:59,CUST-1007,Zomato Online,food_dining,3800.0,Rajesh,Nair,M,Marine Drive,Mumbai,MH,400001,19.076,72.8777,12500000,Professional,1992-05-14,TX-KAG-0131,1790772419,19.0659,72.8643,0
2026-09-30 12:50:59,CUST-1006,Blinkit Grocery,grocery_pos,150.0,Ananya,Iyer,F,Mylapore,Chennai,TN,600001,13.0827,80.2707,12500000,Professional,1992-05-14,TX-KAG-0132,1790772659,13.0747,80.2704,0
2026-09-30 12:56:59,CUST-1003,Blinkit Grocery,grocery_pos,1250.0,Amit,Patel,M,Navrangpura,Delhi,DL,110001,28.6139,77.209,12500000,Professional,1992-05-14,TX-KAG-0133,1790773019,28.6045,77.197,0
2026-09-30 12:59:59,CUST-1007,Blinkit Grocery,grocery_pos,3800.0,Rajesh,Nair,M,Marine Drive,Mumbai,MH,400001,19.076,72.8777,12500000,Professional,1992-05-14,TX-KAG-0134,1790773199,19.063,72.8739,0
2026-09-30 13:03:59,CUST-1007,Zomato Online,food_dining,1250.0,Rajesh,Nair,M,Marine Drive,Mumbai,MH,400001,19.076,72.8777,12500000,Professional,1992-05-14,TX-KAG-0135,1790773439,19.0864,72.8846,0
2026-09-30 13:09:59,CUST-1006,Uber Trips,travel,150.0,Ananya,Iyer,F,Mylapore,Chennai,TN,600001,13.0827,80.2707,12500000,Professional,1992-05-14,TX-KAG-0136,1790773799,13.0855,80.2704,0
2026-09-30 13:11:59,CUST-1003,BookMyShow,entertainment,480.0,Amit,Patel,M,Navrangpura,Delhi,DL,110001,28.6139,77.209,12500000,Professional,1992-05-14,TX-KAG-0137,1790773919,28.6232,77.2231,0
2026-09-30 13:13:59,CUST-1006,Apollo Pharmacy,health_fitness,480.0,Ananya,Iyer,F,Mylapore,Chennai,TN,600001,13.0827,80.2707,12500000,Professional,1992-05-14,TX-KAG-0138,1790774039,13.0932,80.2749,0
2026-09-30 13:17:59,CUST-1005,Zomato Online,food_dining,150.0,Vikram,Malhotra,M,Connaught Place,Delhi,DL,110001,28.6139,77.209,12500000,Professional,1992-05-14,TX-KAG-0139,1790774279,28.5997,77.2091,0
2026-09-30 13:19:59,CUST-1002,Blinkit Grocery,grocery_pos,150.0,Priya,Verma,F,Indiranagar,Bengaluru,KA,560001,12.9716,77.5946,12500000,Professional,1992-05-14,TX-KAG-0140,1790774399,12.9824,77.5927,0
2026-09-30 13:25:59,CUST-1002,Reliance Digital,shopping_pos,1250.0,Priya,Verma,F,Indiranagar,Bengaluru,KA,560001,12.9716,77.5946,12500000,Professional,1992-05-14,TX-KAG-0141,1790774759,12.9823,77.5848,0
2026-09-30 13:29:59,CUST-1001,Tata Neu,shopping_net,3800.0,Rohan,Sharma,M,Bandra West,Mumbai,MH,400001,19.076,72.8777,12500000,Professional,1992-05-14,TX-KAG-0142,1790774999,19.0755,72.8633,0
2026-09-30 13:35:59,CUST-1004,Blinkit Grocery,grocery_pos,890.0,Sneha,Reddy,F,Hitech City,Hyderabad,TS,500001,17.385,78.4867,12500000,Professional,1992-05-14,TX-KAG-0143,1790775359,17.3708,78.4988,0
2026-09-30 13:38:59,CUST-1007,Swiggy Delivery,food_dining,3800.0,Rajesh,Nair,M,Marine Drive,Mumbai,MH,400001,19.076,72.8777,12500000,Professional,1992-05-14,TX-KAG-0144,1790775539,19.0767,72.8891,0
2026-09-30 13:41:59,CUST-1003,Zomato Online,food_dining,3800.0,Amit,Patel,M,Navrangpura,Delhi,DL,110001,28.6139,77.209,12500000,Professional,1992-05-14,TX-KAG-0145,1790775719,28.6286,77.2111,0
2026-09-30 13:46:59,CUST-1003,Reliance Digital,shopping_pos,3800.0,Amit,Patel,M,Navrangpura,Delhi,DL,110001,28.6139,77.209,12500000,Professional,1992-05-14,TX-KAG-0146,1790776019,28.6135,77.2084,0
2026-09-30 13:50:59,CUST-1005,Uber Trips,travel,890.0,Vikram,Malhotra,M,Connaught Place,Delhi,DL,110001,28.6139,77.209,12500000,Professional,1992-05-14,TX-KAG-0147,1790776259,28.6068,77.2118,0
2026-09-30 13:54:59,CUST-1008,Amazon Retail,shopping_net,6500.0,Pooja,Sen,F,Park Street,Kolkata,WB,700001,22.5726,88.3639,12500000,Professional,1992-05-14,TX-KAG-0148,1790776499,22.5667,88.3552,0
2026-09-30 13:56:59,CUST-1004,Swiggy Delivery,food_dining,480.0,Sneha,Reddy,F,Hitech City,Hyderabad,TS,500001,17.385,78.4867,12500000,Professional,1992-05-14,TX-KAG-0149,1790776619,17.3986,78.483,0
2026-09-30 13:58:59,CUST-1008,Apollo Pharmacy,health_fitness,890.0,Pooja,Sen,F,Park Street,Kolkata,WB,700001,22.5726,88.3639,12500000,Professional,1992-05-14,TX-KAG-0150,1790776739,22.5664,88.3663,0
